Référence fournisseur;Titre;Site;Sous-système;Référence fiche;etat
002EP001475;CROIX PAQUET - DOC - RAPPORT DE MISSION DE REPERAGE DES MATERIAUX ET PRODUITS CONTENANT DE L AMIANTE AVANT TRAVAUX - TGBT;CROIX PAQUET;SECURITE;241956;D
002MC004273;CROIX PAQUET - DOC - ESCALIERS - RAPPORT DE REPERAGE DE MATERIAUX ET PRODUITS CONTENANT DE L AMIANTE AVANT REALISATION DE TRAVAUX;CROIX PAQUET;SECURITE;247376;D
002QQ001941;CROIX PAQUET - DOC - RAPPORT DE MISSION REPERAGE AMIANTE AVANT TRAVAUX - TGBT;CROIX PAQUET;SECURITE;235597;D
45513375A1;CROIX PAQUET - DOC - STATION - RAPPORT DE MISSION DE REPERAGE DES MATERIAUX ET PRODUITS CONTENANT DE L'AMIANTE AVANT REALISATION DE TRAVAUX (QUAIS) ET MARQUISES;CROIX PAQUET;SECURITE;205402;D
45513375P1;CROIX PAQUET - DOC - STATION - RAPPORT DE MISSION DE REPERAGE DES DES REVETEMENTS CONTENANT DU PLOMB  AVANT TRAVAUX (QUAIS ET MARQUISES);CROIX PAQUET;SECURITE;205403;D
623 E 203;CROIX PAQUET - DETRUIT LE 30/09/03 - GROUPE REDRESSEUR 800KW 750V ENSEMBLE TRANSFO-REDRESSEUR;CROIX PAQUET;TRACTION;50627;D
623 E 204;CROIX PAQUET - DETRUIT LE 01/10/03 - GROUPE TRACTION 800KW 750V GUIDE GENIE CIVIL;CROIX PAQUET;TRACTION;50628;D
623 E 205;CROIX PAQUET - DETRUIT LE 01/10/03 - GROUPE TRACTION 800KW 750V IMPLANTATION GENERAL;CROIX PAQUET;TRACTION;50625;D
623 E 206;CROIX PAQUET - EQUIPEMENT ARMOIRE;CROIX PAQUET;TRACTION;50631;D
623 E 207;CROIX PAQUET - PLATINE PARASURTENSION COURANT CONTINU POUR REDRESSEUR;CROIX PAQUET;TRACTION;50632;D
623 E 208;CROIX PAQUET - DETRUIT LE 01/10/03 - REDRESSEUR 800KW 750V 4 DIODES BLOC POSITIF;CROIX PAQUET;TRACTION;50633;D
623 E 209;CROIX PAQUET - DETRUIT LE 01/10/03 - DETECTION FUSION FUSIBLES MONTAGE SOUS COFFRET EQUIPEMENT;CROIX PAQUET;TRACTION;50634;D
623 E 210;CROIX PAQUET - DETRUIT LE 01/10/03 - REDRESSEUR 800KW 750V 4 DIODES BLOC NEGATIF;CROIX PAQUET;TRACTION;50635;D
623 E 211;CROIX PAQUET - DETRUIT LE 01/10/03 - DETAIL MONTAGE DU SHUNT;CROIX PAQUET;TRACTION;50636;D
623 E 212;CROIX PAQUET - DETRUIT LE 01/10/03 - GROUPE TRACTION 800KW 750V ARMOIRE AUXILIAIRE EQUIPEMENT PORTE;CROIX PAQUET;TRACTION;50630;D
7112-30;CROIX PAQUET - STATION HAUTE COUPE TRANSVERSALLE SUR PASSAGE;CROIX PAQUET;BATIMENT;130212;D
7112-32;CROIX PAQUET - STATION HAUTE COUPE EE SUR VOIE;CROIX PAQUET;BATIMENT;130213;D
800 E 219;CROIX PAQUET - SCHEMA DES LIAISONS ET RACCORDEMENTS COMPTAGE VOYAGEURS;CROIX PAQUET;EMV;42368;D
800 E 263;CROIX PAQUET - LOCAL LEE  IMPLANTATION ARMOIRES;CROIX PAQUET;BASSE TENSION;42445;D
800 E 306;CROIX PAQUET - PORTAILS, COFFRET DE COMMANDE;CROIX PAQUET;BASSE TENSION;42519;D
AE99AE M0932 810000 I10 EP 000045;CROIX PAQUET - DETRUIT LE 16/05/06 REMPLACE PAR PLAN N° AE99AEM0932810000I10EP000015 IMPLANTATION DES CAMERAS;CROIX PAQUET;EMV;65661;D
AE99AE M0932 HF0000 I10 ES 000128;CROIX PAQUET - EQUIPOTENTIEL SCHEMA DE LIAISONS PHYSIQUES VIDEOSURVEILLANCE;CROIX PAQUET;EMV;65737;D
AL99AL M0932 FB0000 E20 GS 050381;CROIX-PAQUET - LOCAL LEE ARMOIRE ULT SCHEMA ELECTRIQUE MARCHE 98-238;CROIX PAQUET;TELETRANS;98093;D
AL99AL M0932 FB0000 E43 GD 050383;CROIX-PAQUET - LISTE DES TERMES TERRAIN ULT TELETRANS;CROIX PAQUET;TELETRANS;98089;D
AL99AL M0932 FD0000 E43 GD 050382;CROIX PAQUET - LISTE DES TERMES TERRAIN ULS;CROIX PAQUET;TELETRANS;97434;D
AL99AL M0932 FI0000 C11 GD 050385;CROIX-PAQUET - CAHIER DE RECETTE SITE DES UL;CROIX PAQUET;TELETRANS;100070;D
AL99ALMC020F10000E43LD000044;CROIX PAQUET - DOSSIER DE PARAMETRAGE ULS - PARSILOE;CROIX PAQUET;TELETRANS;150533;D
AL99AL MC020 F10000 E43 LD  000045;CROIX-PAQUET - FICHIER DE PARAMETRAGE ULT / DAT;CROIX PAQUET;TELETRANS;120592;D
AQ00AQ X0000 0000 GL-000766;CROIX PAQUET - DETRUIT LE 11/09/2001;CROIX PAQUET;BASSE TENSION;41430;D
AQ00AQ X0000 0000 GL-000767;CROIX PAQUET - SCHEMA DES LIAISONS HALTE CROIX PAQUET;CROIX PAQUET;BASSE TENSION;41479;D
AQ00AQ X0000 0000 GL-000768;CROIX PAQUET - CARNET DE CABLES BT HALTE CROIX PAQUET;CROIX PAQUET;BASSE TENSION;41436;D
AQ00AQ X0000 0000 HL-000430;CROIX PAQUET - DETRUIT LE 13/08/08 - ARMOIRE REGROUPEMENT EXPLOITATION ENSEMBLE ET DETAIL;CROIX PAQUET;EMV;41456;D
AQ00AQ X0000 0000 HL-000437;CROIX PAQUET - DETRUIT LE 30/09/03 -  COFFRET DISTRIBUTION 48V= ENSEMBLE;CROIX PAQUET;EMV;42640;D
AQ00AQ X0000 0000 HL-000444;CROIX PAQUET - DETRUIT LE 13/08/08 - RECEPTEUR ETANCHE TYPE MARINE M 020 HORLOGE TYPE E HALTE;CROIX PAQUET;EMV;41484;D
AQ00AQ X0000 0000 SF-020078;CROIX PAQUET - ARMOIRE DE DISTRIBUTION 48V= DETRUIT REMPLACE PAR GZM093273ECYP00106;CROIX PAQUET;BASSE TENSION;41765;D
AQ00AQ X0000 0000 SF-020081;CROIX PAQUET - ARMOIRE DE TRANCHE;CROIX PAQUET;BASSE TENSION;42497;D
AQ00AQ X0000 0000 SF-020082;CROIX PAQUET - PLAN GUIDE D'IMPLANTATION LOCAL BT;CROIX PAQUET;BASSE TENSION;41768;D
AQ00AQ X0000 0000 SF-050057;CROIX PAQUET - SCHEMA DES LIAISONS ET CARNET DE CABLES;CROIX PAQUET;BASSE TENSION;41915;D
AQ00AQ X0000 0000 SF-050063;CROIX PAQUET - IMPLANTATION COURANTS FORTS COURANTS FAIBLES;CROIX PAQUET;BASSE TENSION;41928;D
AQ00AQ X0000 0000 SF-050066;CROIX PAQUET - DISTRIBUTION BT ET TBT, CHEMINEMENTS SOUS QUAIS;CROIX PAQUET;BASSE TENSION;41925;D
AQ00AQ X0000 0000 SF-050067;CROIX PAQUET - CHEMINEMENTS SOUS PLAFONDS;CROIX PAQUET;BASSE TENSION;41924;D
AQ00AQ X0000 0000 ST-030244;CROIX PAQUET - INTERPHONIE D'ALARME, BORNIERS;CROIX PAQUET;EMV;42411;D
AQ00AQ X0000 0000 ST-100045;CROIX PAQUET - DETRUIT REMPLACER PAR AL99ALM0932FD0000E20GS050387 - ARMOIRE INTERFACE ET PUPITRE;CROIX PAQUET;EMV;42117;D
AQ00AQ X0000 0000 ST-560804;"LIGNE C. KMT DOSSIER DE RECETTE STATIQUE DE L'ARMOIRE CROIX-PAQUET ""SUR SITE""";CROIX PAQUET;KMT;67650;D
AQ00AQ X0000 0000 ST-560813;LIGNE C KMT DOSSIER DE RECETTE DES INSTALLATIONS FIXES EN DYNAMIQUE DE L'INTERSTATION CROIX-PAQUET CROIX-ROUSSE;CROIX PAQUET;KMT;67611;D
AQ00AQ X0000 0000 ST-560817;LIGNE C KMTS PROCEDURE DE RECETTE EN DYNAMIQUE SANS TRAIN DE L'ARMOIRE CROIX-PAQUET;CROIX PAQUET;KMT;67608;D
AQ00AQ X0000 0000 ST-564100;LIGNE C - CROIX-PAQUET - TIROIR 3;CROIX PAQUET;KMT;106140;D
AQ00AQ X0000 0000 YA-000960;CROIX PAQUET - ELEVATIONS COUPE  SIGNALETIQUE DOE;CROIX PAQUET;BATIMENT;63792;D
AQ00AQ X0000 0000 YA-000961;CROIX PAQUET - NIVEAU QUAI , SIGNALETIQUE DOE;CROIX PAQUET;BATIMENT;63790;D
AQ00AQ X0000 0000 YA-000962;CROIX PAQUET - NIVEAU SURFACE SIGNALETIQUE DOE;CROIX PAQUET;BATIMENT;63788;D
AQ00AQ X0000 0000 YA-001031;CROIX PAQUET - ELEVATIONS QUAIS , SIGNALETIQUE DOE;CROIX PAQUET;BATIMENT;63785;D
AQ00AQ X0000 0000 YA-001032;CROIX PAQUET - VUE EN PLAN DES AUVENTS DOE;CROIX PAQUET;BATIMENT;63784;D
AQ00AQ X0000 0000 YA-001045;CROIX PAQUET - VUE EN PLAN DES AUVENTS ( PLAN DE REPERAGE ) DOE SIGNALETIQUE;CROIX PAQUET;BATIMENT;63782;D
AQ00AQ X0000 0635 FA-005852;EQUIPEMENT ELECTRIQUE CONTROLE DE LA POSITION RELATIVE ARCHET-FIL DE CONTACT COURBE DE 80M-CAS CREMAILLERE TUNNEL31 CROIX-PAQUET;CROIX PAQUET;MR METRO;103917;D
AQ00AQ X0000 0635 FD-000233;TIROIR VI CROIX-PAQUET RACCORDEMENT DU TIROIR;CROIX PAQUET;MR METRO;116604;D
AQ00AQ X0000 0635 FD-000235;SYNOPTIQUE VI CROIX-PAQUET;CROIX PAQUET;MR METRO;116606;D
AQ00AQ X0000 0730 ST-412000;CROIX-PAQUET - SIG - BORDEREAU GENERAL;CROIX PAQUET;SIG-C;57528;D
AQ00AQ X0000 0730 ST-412001;CROIX-PAQUET - SIG - BORDEREAU DES PLANS TECHNIQUES ET DES SCHEMAS SYNOPTIQUES;CROIX PAQUET;SIG-C;57448;D
AQ00AQ X0000 0730 ST-412002;CROIX-PAQUET - SIG - BORDEREAU DES SCHEMAS D'EXECUTION POSTE;CROIX PAQUET;SIG-C;57550;D
AQ00AQ X0000 0730 ST-412003;CROIX-PAQUET - SIG - CAMPAGNE;CROIX PAQUET;SIG-C;57552;D
AQ00AQ X0000 0730 ST-412010;CROIX-PAQUET - SIG - BORDEREAU DES PLANS TECHNIQUES;CROIX PAQUET;SIG-C;160079;D
AQ00AQ X0000 0730 ST-412011;CROIX-PAQUET - SIG - PLANS TECHNIQUES PLAN DE POSE;CROIX PAQUET;SIG-C;57553;D
AQ00AQ X0000 0730 ST-412013;CROIX-PAQUET - SIG - PLANS TECHNIQUES TABLEAUX;CROIX PAQUET;SIG-C;57555;D
AQ00AQ X0000 0730 ST-412020;CROIX-PAQUET - SIG - BORDEREAU DES SCHEMAS SYNOPTIQUES;CROIX PAQUET;SIG-C;57592;D
AQ00AQ X0000 0730 ST-412022;CROIX-PAQUET - SIG - SCHEMAS SYNOPTIQUES PREPARATION DES ITINERAIRES;CROIX PAQUET;SIG-C;57594;D
AQ00AQ X0000 0730 ST-412024;CROIX-PAQUET - SIG - SCHEMAS SYNOPTIQUES COMMANDE DES OEILLETONS;CROIX PAQUET;SIG-C;57610;D
AQ00AQ X0000 0730 ST-412025;CROIX-PAQUET - SIG - SCHEMAS SYNOPTIQUES ALLUMAGE DES FEUX DE SIGNAUX;CROIX PAQUET;SIG-C;57614;D
AQ00AQ X0000 0730 ST-412028;CROIX-PAQUET - SIG - SCHEMAS SYNOPTIQUES INTERFACES TC-TK;CROIX PAQUET;SIG-C;57629;D
AQ00AQ X0000 0730 ST-412029;CROIX-PAQUET - SIG - SCHEMAS SYNOPTIQUES INTERFACES KMT;CROIX PAQUET;SIG-C;57634;D
AQ00AQ X0000 0730 ST-412030;CROIX-PAQUET - SIG - SCHEMAS SYNOPTIQUES LIAISONS POSTE A POSTE;CROIX PAQUET;SIG-C;57639;D
AQ00AQ X0000 0730 ST-412031;CROIX-PAQUET - SIG - SCHEMAS SYNOPTIQUES SPECIFICATION PARTICULIERES;CROIX PAQUET;SIG-C;57651;D
AQ00AQ X0000 0730 ST-412040;CROIX-PAQUET - SIG - BORDEREAU DES SCHEMAS D'EXECUTION;CROIX PAQUET;SIG-C;57710;D
AQ00AQ X0000 0730 ST-412042;CROIX-PAQUET - SIG - SCHEMAS D'EXECUTION PREPARATION DES ITINERAIRES;CROIX PAQUET;SIG-C;57712;D
AQ00AQ X0000 0730 ST-412044;CROIX-PAQUET - SIG - SCHEMAS D'EXECUTION COMMANDE DES OEILLETONS;CROIX PAQUET;SIG-C;57723;D
AQ00AQ X0000 0730 ST-412045;CROIX-PAQUET - SIG - SCHEMAS D'EXECUTION ALLUMAGE DES FEUX DE SIGNAUX;CROIX PAQUET;SIG-C;57728;D
AQ00AQ X0000 0730 ST-412048;CROIX-PAQUET - SIG - SCHEMAS D'EXECUTION INTERFACES TC-TK;CROIX PAQUET;SIG-C;57750;D
AQ00AQ X0000 0730 ST-412049;CROIX-PAQUET - SIG - SCHEMAS D'EXECUTION INTERFACES KMT;CROIX PAQUET;SIG-C;57754;D
AQ00AQ X0000 0730 ST-412050;CROIX-PAQUET - SIG - SCHEMAS D'EXECUTION LIAISONS DE POSTE A POSTE;CROIX PAQUET;SIG-C;57776;D
AQ00AQ X0000 0730 ST-412060;CROIX-PAQUET - SIG - BORDEREAU SALLE A RELAIS;CROIX PAQUET;SIG-C;57795;D
AQ00AQ X0000 0730 ST-412061;CROIX-PAQUET - SIG - SALLE A RELAIS AFFECTATION CHASSIS Y1;CROIX PAQUET;SIG-C;57797;D
AQ00AQ X0000 0730 ST-412062;CROIX-PAQUET - SIG - SALLE A RELAIS AFFECTATION CHASSIS Z1;CROIX PAQUET;SIG-C;57828;D
AQ00AQ X0000 0730 ST-412063;CROIX-PAQUET - SIG - SALLE A RELAIS COFFRET DE COUPURE;CROIX PAQUET;SIG-C;57855;D
AQ00AQ X0000 0730 ST-412072;CROIX-PAQUET - SIG - SALLE A RELAIS DISPOSITION DES CHASSIS DANS LE POSTE;CROIX PAQUET;SIG-C;57858;D
AQ00AQ X0000 0730 ST-412073;CROIX-PAQUET - SIG - SALLE A RELAIS ALIMENTATION GENERALE;CROIX PAQUET;SIG-C;57859;D
AQ00AQ X0000 0730 ST-412081;"CROIX-PAQUET - SIG - DEROULAGE DES CABLES ""FOLIOT 1/A FOLIOT 1""";CROIX PAQUET;SIG-C;57871;D
AQ00AQ X0000 0730 ST-412082;"CROIX-PAQUET - SIG - COFFRET SIGNAL M20 I ""3151""";CROIX PAQUET;SIG-C;57875;D
AQ00AQ X0000 0730 ST-412083;"CROIX-PAQUET - SIG - COFFRET SIGNAL E 24P ""3154""";CROIX PAQUET;SIG-C;57879;D
AQ99AQ M0932 8E0000 E20 TS 000308;CROIX PAQUET - DETECTION D'INTRUSION BAIE - VIDEO LOCAL LBT;CROIX PAQUET;BASSE TENSION;165020;D
AQ99AQ X0000 000000 E00 TP 000031;CROIX PAQUET - RESEAU TELEPHONE INTERIEUR;CROIX PAQUET;TELEPHONE;103612;D
AQM0932B1RPSQ01140;CROIX PAQUET - DOE RENOVATION DES QUAIS;CROIX PAQUET;GENIE CIVIL;231278;D
AY00AY M0932 000000 I10 LP 000937;CROIX PAQUET - SIGNALETIQUE, PORTIQUES ZONE DE PEAGE DETAIL SERRURERIE & BANDEAUX SCHEMA DE CABLAGE;CROIX PAQUET;BASSE TENSION;116559;D
BO08BO M0932 F00000 I00 PP 108576;CROIX PAQUET - BAIE RADIO - SCHEMA DE RACCORDEMENT;CROIX PAQUET;RADIO;142131;D
BW01BW M0932 HA1142 I10 LP 100017;CROIX PAQUET - COLONNES SECHES PORTILLON INOX;CROIX PAQUET;SECURITE;119902;D
BW01BW M0932 HA1142 I10 PP 000074;CROIX PAQUET - COLONNES SECHES RECOLEMENT IMPLANTATION;CROIX PAQUET;SECURITE;119912;D
CC99CC M0932 860000 E40 OD 000352;CROIX PAQUET - LISTE DES ENTREES SORTIES TOR ULCLP;CROIX PAQUET;DIVERS;134366;D
CC99CC M0932 8I0000 E20 OS 000351;CROIX PAQUET - CHASSIS COMMANDE CONTROLE - LIGNE DE PEAGE;CROIX PAQUET;BASSE TENSION;134362;D
CC99CC M0932 B10000 I10 NF 090039;CROIX PAQUET  - DOC -  RECEPTION OPR CONSTAT DE FIN DE TRAVAUX CONTROLE BETON MARCHE 01-141;CROIX PAQUET;DOC.TECHNIQUE;156879;D
CC99CC M0932 B10000 I10 NP 211201;CROIX PAQUET - ACCES 11 ET 21 COFFRAGE;CROIX PAQUET;GROS OEUVRE;156880;D
CC99CC M0932 B10000 I10 NP 211210;CROIX PAQUET - ACCES 11 ET 21 FERRAILLAGE - PLANCHE 1;CROIX PAQUET;GROS OEUVRE;156881;D
CC99CC M0932 B10000 I10 NP 211211;CROIX PAQUET - ACCES 11 ET 21 FERRAILLAGE - PLANCHE 2;CROIX PAQUET;GROS OEUVRE;156882;D
CC99CC M0932 B10000 I10 TQ 100041;"CROIX PAQUET - DOC - ""DIUO"" DOSSIER D'INTERVENTION ULTERIEURE SUR OUVRAGE";CROIX PAQUET;SECURITE;161893;D
CC99CC M0932 B10000 I30 TQ 001225;CROIX PAQUET - DOE CAS - RIDEAUX DE FERMETURE STATION COPAS SYSTEMES;CROIX PAQUET;BATIMENT;181987;D
CC99CCM0932F10000C20LD000074;CROIX PAQUET - DOSSIER DE RECETTE SITE ULS;CROIX PAQUET;TELETRANS;150589;D
CC99CCM0932F10000C20LD000144;CROIX PAQUET - DOC - DOSSIER DE RECETTE SITE ULCLP;CROIX PAQUET;TELETRANS;150701;D
CC99CC M0932 FK0000 E20 CD 000085;"CROIX-PAQUET LISTE DES ""TERMES TERRAIN"" ENTREES SORTIES ULECC";CROIX PAQUET;TELETRANS;130935;D
CC99CC M0932 FK0000 E20 CD 000085 .DAT;CROIX-PAQUET PROGRAMME  ECC .DAT;CROIX PAQUET;TELETRANS;130959;D
CC99CC M0932 FK0000 E20 CD 000085 .DOP;CROIX-PAQUET PROGRAMME  MAG_Q2_V1 .DOP;CROIX PAQUET;TELETRANS;130964;D
CC99CC M0932 FK0000 E20 CD 000085 .STX;CROIX-PAQUET PROGRAMME  ECC .STX;CROIX PAQUET;TELETRANS;130954;D
CC99CC M0932 FK0000 E20 CS 400060;CROIX PAQUET - BORNE ECC SCHEMA ELECTRIQUE;CROIX PAQUET;DIVERS;130915;D
CC99CC M0932 HH9999 I10 MP 505172;CROIX PAQUET - DOE SECOND OEUVRE - ACCES 11 ET 21 NIV.SURFACE;CROIX PAQUET;BATIMENT;152484;D
CC99CC M0932 HH9999 I10 MP 505173;CROIX PAQUET - DOE SECOND OEUVRE - ACCES 22 NIV.QUAI 2;CROIX PAQUET;BATIMENT;152485;D
DA 0607591;CROIX PAQUET - DOC - STATION - DIAGNOSTIQUE AMIANTE;CROIX PAQUET;SECURITE;136534;D
DA 0607591 DTA;CROIX PAQUET - DOC - STATION - DOSSIER TECHNIQUE AMIANTE;CROIX PAQUET;SECURITE;136815;D
DH99DH M0932 8F0000 E20 OS 084361;CROIX PAQUET -  INFORMATION DYNAMIQUE DES VOYAGEURS-ARMOIRE EMV1 LOCAL LEE;CROIX PAQUET;EMV;172928;D
GCM093273CPSV000197;CROIX PAQUET - DOC - CAHIER DE RECETTE BT (VIDEOPROTECTION);CROIX PAQUET;DOC.TECHNIQUE;227010;D
GCM0932F3LPSH000128;CROIX PAQUET - DOC - DOSSIER AUTOCONTROLES SITE FONCTIONNELS RESEAU ET VIDEO (VIDEOPROTECTION);CROIX PAQUET;DOC.TECHNIQUE;227009;D
GZM093273ECYP00107;CROIX PAQUET - TGBT - CARNET DE CABLES;CROIX PAQUET;BASSE TENSION;244916;D
GZM093273ECYU00103;CROIX PAQUET - CANECO - TGBT - NOTE DE CALCUL BT (TENSION ALTERNATIVE);CROIX PAQUET;BASSE TENSION;244911;D
GZM093273ECYU00104;CROIX PAQUET - CANECO - TGBT - NOTE DE CALCUL BT (TENSION CONTINU);CROIX PAQUET;BASSE TENSION;244912;D
GZM093273LCYH00110;CROIX PAQUET - TGBT - PROCEDURE ET CAHIER DE RECETTE FAT - RECETTE USINE;CROIX PAQUET;BASSE TENSION;244917;D
GZM093273LCYH00111;CROIX PAQUET - TGBT - PROCEDURE ET CAHIER DE RECETTE SAT - RECETTE SITE + ANNEXES;CROIX PAQUET;BASSE TENSION;244918;D
GZM093278ECYD00121;CROIX PAQUET - TGBT - ADRESSAGE RESEAU ETHERNET - SOCOMEC;CROIX PAQUET;BASSE TENSION;244914;D
HSM093293CSCD10011;CROIX PAQUET - RIDEAU METALLIQUE - DECLARATION CE SEFERS NF2-2 - RENOUVELLEMENT RIDEAUX METALLIQUES;CROIX PAQUET;ELECTROMECANIQUE;253976;D
HSM093293EROP15903;CROIX PAQUET - COFFRET GRILLE - ACCES NF 2.2;CROIX PAQUET;ELECTROMECANIQUE;252910;D
HSM093293ISCN10010;CROIX PAQUET - RIDEAU METALLIQUE - NOMENCLATURE MATERIEL INSTALLE NF2-2 - RENOUVELLEMENT RIDEAUX METALLIQUES;CROIX PAQUET;ELECTROMECANIQUE;253974;D
HSM093293ISCP00001;CROIX PAQUET - PLAN RIDEAU METALLIQUE NF2-2;CROIX PAQUET;ELECTROMECANIQUE;252940;D
HSM093293ISCR10012;CROIX PAQUET - RIDEAU METALLIQUE - RAPPORT DE MISE EN SERVICE D'UN RIDEAU METALLIQUE NF2-2- RENOUVELLEMENT RIDEAUX METALLIQUES;CROIX PAQUET;ELECTROMECANIQUE;253978;D
HSM093293ISCU10013;CROIX PAQUET - NOTE DE CALCUL ARMOIRE NF2-2 - RENOUVELLEMENT RIDEAUX METALLIQUES;CROIX PAQUET;ELECTROMECANIQUE;253979;D
JG0606 14;CROIX PAQUET - GROS OEUVRE - MISE EN CONFORMITE DES MAIN COURANTES;CROIX PAQUET;BATIMENT;242871;D
M0000S0000ITSNO500522;CROIX PAQUET - CAS - REFERENTIEL DES EQUIPEMENTS EN STATION;CROIX PAQUET;EMV;234569;D
M0932S3010LEEST400140;CROIX PAQUET - DOC - DOSSIER DE RECETTE SITE ULCLP;CROIX PAQUET;TELETRANS;150701;D
M0932S3010LEEST400174;CROIX PAQUET - DOSSIER DE RECETTE SITE ULS;CROIX PAQUET;TELETRANS;150589;D
M0932S3010LEEST400281;CROIX PAQUET - LISTE DES TERMES TERRAIN ULS;CROIX PAQUET;TELETRANS;97434;D
M0932W5000ARCND511230;CROIX PAQUET - DOC - NOTE DE CALCUL DES AMENAGEMENTS;CROIX PAQUET;DOC.TECHNIQUE;156621;D
M0932W5000ARCPC511201;CROIX PAQUET - ACCES 11 ET 21 COFFRAGE;CROIX PAQUET;GROS OEUVRE;156880;D
M0932W5000ARCPF511210;CROIX PAQUET - ACCES 11 ET 21 FERRAILLAGE - PLANCHE 1;CROIX PAQUET;GROS OEUVRE;156881;D
M0932W5000ARCPF511211;CROIX PAQUET - ACCES 11 ET 21 FERRAILLAGE - PLANCHE 2;CROIX PAQUET;GROS OEUVRE;156882;D
M0932XEROTEC18-09-2006;CROIX PAQUET - COUPE GENERALE;CROIX PAQUET;GROS OEUVRE;156883;D
M932L0000CGLST400021;CROIX-PAQUET - CAHIER D'ESSAI - ARMOIRE ULECC - PROCEDURE DE BASCULEMENT;CROIX PAQUET;TELETRANS;127071;D
M932L0000CGLST400085;"CROIX-PAQUET LISTE DES ""TERMES TERRAIN"" ENTREES SORTIES ULECC";CROIX PAQUET;TELETRANS;130935;D
M932L0000CGLST400085/1;CROIX-PAQUET DOSSIER DE PARAMETRAGE 'PAPIER'  ULECC;CROIX PAQUET;TELETRANS;127072;D
M932L0000CGLST400172;CROIX-PAQUET CAHIER D'INTERVENTION ARMOIRE ULECC;CROIX PAQUET;TELETRANS;127069;D
OS99OSM0932F20000I10ORR000041;CROIX PAQUET - 4G METRO - STATION ET TUNNEL;CROIX PAQUET;TELEPHONE;253390;D
ST00331;CROIX-PAQUET - EQUIPEMENT LIES AU MOUVEMENTS DES VOYAGEURS;CROIX PAQUET;BATIMENT;172588;D
800 E 182;CROIX PAQUET - EQUIPEMENT SONORISATION;CROIX PAQUET;EMV;42311;P
AE99AE M0932 810000 I10 EP 000015;CROIX PAQUET - LOCAL LEE ARMOIRE VIDEOSURVEILLANCE;CROIX PAQUET;EMV;81109;P
AK99AK M0932 890000 E00 AP 596919;CROIX PAQUET - DETECTION INCENDIE - ARMOIRE BAIE EMV DI;CROIX PAQUET;EMV;104851;P
AQ00AQ X0000 0000 SF-020069;CROIX PAQUET - ARMOIRE BT LEE;CROIX PAQUET;BASSE TENSION;41763;P
AQ00AQ X0000 0000 ST-901381;CROIX PAQUET - FIBRE OPTIQUE RESEAU SLTC TETE DE CABLE OPTIQUE LEE VOIE 2;CROIX PAQUET;TELEPHONE;42775;P
CC99CCM0932T5010INENC520042;CROIX-PAQUET - CANECO - NOTE DE CALCUL BT LEE;CROIX PAQUET;BASSE TENSION;141459;P
CC99CCM0932T5010INENC521039;CROIX-PAQUET - CANECO - NOTE DE CALCUL ICC/BT  BT LEE;CROIX PAQUET;BASSE TENSION;141461;P
GZM093273ECYP00106;CROIX PAQUET - SCHEMA DEVELOPPE DU TGBT;CROIX PAQUET;BASSE TENSION;244913;P
